{
	"variables": [],
	"info": {
		"name": "Microcontainer",
		"_postman_id": "49482dbf-b5bd-ed0b-a318-8e9c9e6d0174",
		"description": "",
		"schema": "https://schema.getpostman.com/json/collection/v2.0.0/collection.json"
	},
	"item": [
		{
			"name": "Get Users",
			"request": {
				"url": "{{host}}:3000/users",
				"method": "GET",
				"header": [],
				"body": {},
				"description": ""
			},
			"response": []
		},
		{
			"name": "Post Users",
			"request": {
				"url": "{{host}}:3000/users",
				"method": "POST",
				"header": [
					{
						"key": "Content-Type",
						"value": "application/json",
						"description": ""
					}
				],
				"body": {
					"mode": "raw",
					"raw": "{\n\t\"name\": \"Maria\",\n\t\"value\": \"Estudante da Fiap\"\n}"
				},
				"description": ""
			},
			"response": []
		},
		{
			"name": "Delete User",
			"request": {
				"url": "{{host}}:3000/users/Maria",
				"method": "DELETE",
				"header": [],
				"body": {},
				"description": ""
			},
			"response": []
		},
		{
			"name": "Put User",
			"request": {
				"url": "{{host}}:3000/users/Maria",
				"method": "PUT",
				"header": [
					{
						"key": "Content-Type",
						"value": "application/json",
						"description": ""
					}
				],
				"body": {
					"mode": "raw",
					"raw": "{\n\t\"value\": \"Estudando em outro lugar\"\n}"
				},
				"description": ""
			},
			"response": []
		},
		{
			"name": "Get User",
			"request": {
				"url": "{{host}}:3000/users/Maria",
				"method": "GET",
				"header": [],
				"body": {},
				"description": ""
			},
			"response": []
		}
	]
}